i,j,sim
0,1,1.0
0,2,1.0
0,3,1.0
0,4,1.0
0,5,1.0
0,6,1.0
0,7,0.815364846836746
0,8,1.0
0,9,1.0
0,10,0.815364846836746
0,11,0.815364846836746
0,12,1.0
0,13,1.0
0,14,0.6920976820421636
0,15,0.7352983620513946
0,16,1.0
0,17,0.5724922401062387
0,18,1.0
0,19,1.0
0,20,0.8817862305488728
0,21,0.5724922401062387
0,22,1.0
0,23,1.0
0,24,1.0
0,25,1.0
0,26,0.5036412081848483
0,27,0.6578994217195917
0,28,1.0
0,29,0.815364846836746
0,30,1.0
0,31,0.7352983620513946
0,32,1.0
0,33,1.0
0,34,1.0
0,35,1.0
0,36,0.9507041881709587
0,37,0.5788029009814162
0,38,1.0
0,39,1.0
0,40,1.0
0,41,0.815364846836746
0,42,1.0
0,43,1.0
0,44,0.815364846836746
0,45,1.0
0,46,0.815364846836746
0,47,0.8900421475582843
0,48,0.6138920828757966
0,49,1.0
0,50,0.662551467494809
0,51,0.9093470323264
0,52,1.0
0,53,1.0
0,54,0.5503213021132917
0,55,1.0
0,56,1.0
0,57,0.815364846836746
0,58,1.0
0,59,1.0
0,60,0.5705868745146897
0,61,1.0
0,62,1.0
0,63,1.0
0,64,0.815364846836746
0,65,0.662551467494809
0,66,1.0
0,67,1.0
0,68,1.0
0,69,1.0
0,70,0.662551467494809
0,71,1.0
0,72,1.0
0,73,1.0
0,74,1.0
0,75,1.0
0,76,0.815364846836746
0,77,1.0
0,78,1.0
0,79,1.0
0,80,0.6920976820421636
0,81,0.815364846836746
0,82,1.0
0,83,1.0
0,84,1.0
0,85,0.815364846836746
0,86,0.7022057879801827
0,87,1.0
0,88,1.0
0,89,1.0
0,90,0.815364846836746
0,91,0.9470950619839522
0,92,1.0
0,93,1.0
0,94,1.0
0,95,0.9470950619839522
0,96,1.0
0,97,1.0
0,98,1.0
0,99,0.9093470323264
0,100,1.0
0,101,1.0
0,102,0.9093470323264
0,103,0.815364846836746
0,104,1.0
0,105,1.0
0,106,0.815364846836746
0,107,1.0
0,108,1.0
0,109,0.7226827032153371
0,110,1.0
0,111,1.0
0,112,1.0
0,113,1.0
0,114,0.18916734759622822
0,115,0.815364846836746
0,116,1.0
0,117,1.0
0,118,1.0
0,119,0.9093470323264
0,120,1.0
0,121,1.0
0,122,1.0
0,123,1.0
0,124,0.815364846836746
0,125,1.0
0,126,1.0
0,127,1.0
0,128,1.0
0,129,1.0
0,130,1.0
0,131,1.0
0,132,1.0
0,133,1.0
0,134,0.7352983620513946
0,135,1.0
0,136,1.0
0,137,1.0
0,138,1.0
0,139,0.7947423890622793
0,140,0.9470950619839522
0,141,1.0
0,142,1.0
0,143,0.815364846836746
0,144,0.5724922401062387
0,145,1.0
0,146,0.815364846836746
0,147,0.18373876686006013
0,148,1.0
0,149,1.0
0,150,0.815364846836746
0,151,1.0
0,152,1.0
0,153,0.9093470323264
0,154,1.0
0,155,0.9093470323264
0,156,1.0
0,157,1.0
0,158,0.8900421475582843
0,159,1.0
0,160,1.0
0,161,1.0
0,162,1.0
0,163,1.0
0,164,1.0
0,165,1.0
0,166,1.0
0,167,1.0
0,168,1.0
0,169,0.550429150592159
0,170,1.0
0,171,1.0
0,172,1.0
0,173,0.14975734262632112
0,174,1.0
0,175,0.5724922401062387
0,176,0.662551467494809
0,177,1.0
0,178,1.0
0,179,0.6820969984331005
0,180,1.0
0,181,0.9093470323264
0,182,0.815364846836746
0,183,1.0
0,184,1.0
0,185,1.0
0,186,1.0
0,187,0.9093470323264
1,2,1.0
1,3,1.0
1,4,1.0
1,5,1.0
1,6,1.0
1,7,0.815364846836746
1,8,1.0
1,9,1.0
1,10,0.815364846836746
1,11,0.815364846836746
1,12,1.0
1,13,1.0
1,14,0.6920976820421636
1,15,0.7352983620513946
1,16,1.0
1,17,0.5724922401062387
1,18,1.0
1,19,1.0
1,20,0.8817862305488728
1,21,0.5724922401062387
1,22,1.0
1,23,1.0
1,24,1.0
1,25,1.0
1,26,0.5036412081848483
1,27,0.6578994217195917
1,28,1.0
1,29,0.815364846836746
1,30,1.0
1,31,0.7352983620513946
1,32,1.0
1,33,1.0
1,34,1.0
1,35,1.0
1,36,0.9507041881709587
1,37,0.5788029009814162
1,38,1.0
1,39,1.0
1,40,1.0
1,41,0.815364846836746
1,42,1.0
1,43,1.0
1,44,0.815364846836746
1,45,1.0
1,46,0.815364846836746
1,47,0.8900421475582843
1,48,0.6138920828757966
1,49,1.0
1,50,0.662551467494809
1,51,0.9093470323264
1,52,1.0
1,53,1.0
1,54,0.5503213021132917
1,55,1.0
1,56,1.0
1,57,0.815364846836746
1,58,1.0
1,59,1.0
1,60,0.5705868745146897
1,61,1.0
1,62,1.0
1,63,1.0
1,64,0.815364846836746
1,65,0.662551467494809
1,66,1.0
1,67,1.0
1,68,1.0
1,69,1.0
1,70,0.662551467494809
1,71,1.0
1,72,1.0
1,73,1.0
1,74,1.0
1,75,1.0
1,76,0.815364846836746
1,77,1.0
1,78,1.0
1,79,1.0
1,80,0.6920976820421636
1,81,0.815364846836746
1,82,1.0
1,83,1.0
1,84,1.0
1,85,0.815364846836746
1,86,0.7022057879801827
1,87,1.0
1,88,1.0
1,89,1.0
1,90,0.815364846836746
1,91,0.9470950619839522
1,92,1.0
1,93,1.0
1,94,1.0
1,95,0.9470950619839522
1,96,1.0
1,97,1.0
1,98,1.0
1,99,0.9093470323264
1,100,1.0
1,101,1.0
1,102,0.9093470323264
1,103,0.815364846836746
1,104,1.0
1,105,1.0
1,106,0.815364846836746
1,107,1.0
1,108,1.0
1,109,0.7226827032153371
1,110,1.0
1,111,1.0
1,112,1.0
1,113,1.0
1,114,0.18916734759622822
1,115,0.815364846836746
1,116,1.0
1,117,1.0
1,118,1.0
1,119,0.9093470323264
1,120,1.0
1,121,1.0
1,122,1.0
1,123,1.0
1,124,0.815364846836746
1,125,1.0
1,126,1.0
1,127,1.0
1,128,1.0
1,129,1.0
1,130,1.0
1,131,1.0
1,132,1.0
1,133,1.0
1,134,0.7352983620513946
1,135,1.0
1,136,1.0
1,137,1.0
1,138,1.0
1,139,0.7947423890622793
1,140,0.9470950619839522
1,141,1.0
1,142,1.0
1,143,0.815364846836746
1,144,0.5724922401062387
1,145,1.0
1,146,0.815364846836746
1,147,0.18373876686006013
1,148,1.0
1,149,1.0
1,150,0.815364846836746
1,151,1.0
1,152,1.0
1,153,0.9093470323264
1,154,1.0
1,155,0.9093470323264
1,156,1.0
1,157,1.0
1,158,0.8900421475582843
1,159,1.0
1,160,1.0
1,161,1.0
1,162,1.0
1,163,1.0
1,164,1.0
1,165,1.0
1,166,1.0
1,167,1.0
1,168,1.0
1,169,0.550429150592159
1,170,1.0
1,171,1.0
1,172,1.0
1,173,0.14975734262632112
1,174,1.0
1,175,0.5724922401062387
1,176,0.662551467494809
1,177,1.0
1,178,1.0
1,179,0.6820969984331005
1,180,1.0
1,181,0.9093470323264
1,182,0.815364846836746
1,183,1.0
1,184,1.0
1,185,1.0
1,186,1.0
1,187,0.9093470323264
2,3,1.0
2,4,1.0
2,5,1.0
2,6,1.0
2,7,0.815364846836746
2,8,1.0
2,9,1.0
2,10,0.815364846836746
2,11,0.815364846836746
2,12,1.0
2,13,1.0
2,14,0.6920976820421636
2,15,0.7352983620513946
2,16,1.0
2,17,0.5724922401062387
2,18,1.0
2,19,1.0
2,20,0.8817862305488728
2,21,0.5724922401062387
2,22,1.0
2,23,1.0
2,24,1.0
2,25,1.0
2,26,0.5036412081848483
2,27,0.6578994217195917
2,28,1.0
2,29,0.815364846836746
2,30,1.0
2,31,0.7352983620513946
2,32,1.0
2,33,1.0
2,34,1.0
2,35,1.0
2,36,0.9507041881709587
2,37,0.5788029009814162
2,38,1.0
2,39,1.0
2,40,1.0
2,41,0.815364846836746
2,42,1.0
2,43,1.0
2,44,0.815364846836746
2,45,1.0
2,46,0.815364846836746
2,47,0.8900421475582843
2,48,0.6138920828757966
2,49,1.0
2,50,0.662551467494809
2,51,0.9093470323264
2,52,1.0
2,53,1.0
2,54,0.5503213021132917
2,55,1.0
2,56,1.0
2,57,0.815364846836746
2,58,1.0
2,59,1.0
2,60,0.5705868745146897
2,61,1.0
2,62,1.0
2,63,1.0
2,64,0.815364846836746
2,65,0.662551467494809
2,66,1.0
2,67,1.0
2,68,1.0
2,69,1.0
2,70,0.662551467494809
2,71,1.0
2,72,1.0
2,73,1.0
2,74,1.0
2,75,1.0
2,76,0.815364846836746
2,77,1.0
2,78,1.0
2,79,1.0
2,80,0.6920976820421636
2,81,0.815364846836746
2,82,1.0
2,83,1.0
2,84,1.0
2,85,0.815364846836746
2,86,0.7022057879801827
2,87,1.0
2,88,1.0
2,89,1.0
2,90,0.815364846836746
2,91,0.9470950619839522
2,92,1.0
2,93,1.0
2,94,1.0
2,95,0.9470950619839522
2,96,1.0
2,97,1.0
2,98,1.0
2,99,0.9093470323264
2,100,1.0
2,101,1.0
2,102,0.9093470323264
2,103,0.815364846836746
2,104,1.0
2,105,1.0
2,106,0.815364846836746
2,107,1.0
2,108,1.0
2,109,0.7226827032153371
2,110,1.0
2,111,1.0
2,112,1.0
2,113,1.0
2,114,0.18916734759622822
2,115,0.815364846836746
2,116,1.0
2,117,1.0
2,118,1.0
2,119,0.9093470323264
2,120,1.0
2,121,1.0
2,122,1.0
2,123,1.0
2,124,0.815364846836746
2,125,1.0
2,126,1.0
2,127,1.0
2,128,1.0
2,129,1.0
2,130,1.0
2,131,1.0
2,132,1.0
2,133,1.0
2,134,0.7352983620513946
2,135,1.0
2,136,1.0
2,137,1.0
2,138,1.0
2,139,0.7947423890622793
2,140,0.9470950619839522
2,141,1.0
2,142,1.0
2,143,0.815364846836746
2,144,0.5724922401062387
2,145,1.0
2,146,0.815364846836746
2,147,0.18373876686006013
2,148,1.0
2,149,1.0
2,150,0.815364846836746
2,151,1.0
2,152,1.0
2,153,0.9093470323264
2,154,1.0
2,155,0.9093470323264
2,156,1.0
2,157,1.0
2,158,0.8900421475582843
2,159,1.0
2,160,1.0
2,161,1.0
2,162,1.0
2,163,1.0
2,164,1.0
2,165,1.0
2,166,1.0
2,167,1.0
2,168,1.0
2,169,0.550429150592159
2,170,1.0
2,171,1.0
2,172,1.0
2,173,0.14975734262632112
2,174,1.0
2,175,0.5724922401062387
2,176,0.662551467494809
2,177,1.0
2,178,1.0
2,179,0.6820969984331005
2,180,1.0
2,181,0.9093470323264
2,182,0.815364846836746
2,183,1.0
2,184,1.0
2,185,1.0
2,186,1.0
2,187,0.9093470323264
3,4,1.0
3,5,1.0
3,6,1.0
3,7,0.815364846836746
3,8,1.0
3,9,1.0
3,10,0.815364846836746
3,11,0.815364846836746
3,12,1.0
3,13,1.0
3,14,0.6920976820421636
3,15,0.7352983620513946
3,16,1.0
3,17,0.5724922401062387
3,18,1.0
3,19,1.0
3,20,0.8817862305488728
3,21,0.5724922401062387
3,22,1.0
3,23,1.0
3,24,1.0
3,25,1.0
3,26,0.5036412081848483
3,27,0.6578994217195917
3,28,1.0
3,29,0.815364846836746
3,30,1.0
3,31,0.7352983620513946
3,32,1.0
3,33,1.0
3,34,1.0
3,35,1.0
3,36,0.9507041881709587
3,37,0.5788029009814162
3,38,1.0
3,39,1.0
3,40,1.0
3,41,0.815364846836746
3,42,1.0
3,43,1.0
3,44,0.815364846836746
3,45,1.0
3,46,0.815364846836746
3,47,0.8900421475582843
3,48,0.6138920828757966
3,49,1.0
3,50,0.662551467494809
3,51,0.9093470323264
3,52,1.0
3,53,1.0
3,54,0.5503213021132917
3,55,1.0
3,56,1.0
3,57,0.815364846836746
3,58,1.0
3,59,1.0
3,60,0.5705868745146897
3,61,1.0
3,62,1.0
3,63,1.0
3,64,0.815364846836746
3,65,0.662551467494809
3,66,1.0
3,67,1.0
3,68,1.0
3,69,1.0
3,70,0.662551467494809
3,71,1.0
3,72,1.0
3,73,1.0
3,74,1.0
3,75,1.0
3,76,0.815364846836746
3,77,1.0
3,78,1.0
3,79,1.0
3,80,0.6920976820421636
3,81,0.815364846836746
3,82,1.0
3,83,1.0
3,84,1.0
3,85,0.815364846836746
3,86,0.7022057879801827
3,87,1.0
3,88,1.0
3,89,1.0
3,90,0.815364846836746
3,91,0.9470950619839522
3,92,1.0
3,93,1.0
3,94,1.0
3,95,0.9470950619839522
3,96,1.0
3,97,1.0
3,98,1.0
3,99,0.9093470323264
3,100,1.0
3,101,1.0
3,102,0.9093470323264
3,103,0.815364846836746
3,104,1.0
3,105,1.0
3,106,0.815364846836746
3,107,1.0
3,108,1.0
3,109,0.7226827032153371
3,110,1.0
3,111,1.0
3,112,1.0
3,113,1.0
3,114,0.18916734759622822
3,115,0.815364846836746
3,116,1.0
3,117,1.0
3,118,1.0
3,119,0.9093470323264
3,120,1.0
3,121,1.0
3,122,1.0
3,123,1.0
3,124,0.815364846836746
3,125,1.0
3,126,1.0
3,127,1.0
3,128,1.0
3,129,1.0
3,130,1.0
3,131,1.0
3,132,1.0
3,133,1.0
3,134,0.7352983620513946
3,135,1.0
3,136,1.0
3,137,1.0
3,138,1.0
3,139,0.7947423890622793
3,140,0.9470950619839522
3,141,1.0
3,142,1.0
3,143,0.815364846836746
3,144,0.5724922401062387
3,145,1.0
3,146,0.815364846836746
3,147,0.18373876686006013
3,148,1.0
3,149,1.0
3,150,0.815364846836746
3,151,1.0
3,152,1.0
3,153,0.9093470323264
3,154,1.0
3,155,0.9093470323264
3,156,1.0
3,157,1.0
3,158,0.8900421475582843
3,159,1.0
3,160,1.0
3,161,1.0
3,162,1.0
3,163,1.0
3,164,1.0
3,165,1.0
3,166,1.0
3,167,1.0
3,168,1.0
3,169,0.550429150592159
3,170,1.0
3,171,1.0
3,172,1.0
3,173,0.14975734262632112
3,174,1.0
3,175,0.5724922401062387
3,176,0.662551467494809
3,177,1.0
3,178,1.0
3,179,0.6820969984331005
3,180,1.0
3,181,0.9093470323264
3,182,0.815364846836746
3,183,1.0
3,184,1.0
3,185,1.0
3,186,1.0
3,187,0.9093470323264
4,5,1.0
4,6,1.0
4,7,0.815364846836746
4,8,1.0
4,9,1.0
4,10,0.815364846836746
4,11,0.815364846836746
4,12,1.0
4,13,1.0
4,14,0.6920976820421636
4,15,0.7352983620513946
4,16,1.0
4,17,0.5724922401062387
4,18,1.0
4,19,1.0
4,20,0.8817862305488728
4,21,0.5724922401062387
4,22,1.0
4,23,1.0
4,24,1.0
4,25,1.0
4,26,0.5036412081848483
4,27,0.6578994217195917
4,28,1.0
4,29,0.815364846836746
4,30,1.0
4,31,0.7352983620513946
4,32,1.0
4,33,1.0
4,34,1.0
4,35,1.0
4,36,0.9507041881709587
4,37,0.5788029009814162
4,38,1.0
4,39,1.0
4,40,1.0
4,41,0.815364846836746
4,42,1.0
4,43,1.0
4,44,0.815364846836746
4,45,1.0
4,46,0.815364846836746
4,47,0.8900421475582843
4,48,0.6138920828757966
4,49,1.0
4,50,0.662551467494809
4,51,0.9093470323264
4,52,1.0
4,53,1.0
4,54,0.5503213021132917
4,55,1.0
4,56,1.0
4,57,0.815364846836746
4,58,1.0
4,59,1.0
4,60,0.5705868745146897
4,61,1.0
4,62,1.0
4,63,1.0
4,64,0.815364846836746
4,65,0.662551467494809
4,66,1.0
4,67,1.0
4,68,1.0
4,69,1.0
4,70,0.662551467494809
4,71,1.0
4,72,1.0
4,73,1.0
4,74,1.0
4,75,1.0
4,76,0.815364846836746
4,77,1.0
4,78,1.0
4,79,1.0
4,80,0.6920976820421636
4,81,0.815364846836746
4,82,1.0
4,83,1.0
4,84,1.0
4,85,0.815364846836746
4,86,0.7022057879801827
4,87,1.0
4,88,1.0
4,89,1.0
4,90,0.815364846836746
4,91,0.9470950619839522
4,92,1.0
4,93,1.0
4,94,1.0
4,95,0.9470950619839522
4,96,1.0
4,97,1.0
4,98,1.0
4,99,0.9093470323264
4,100,1.0
4,101,1.0
4,102,0.9093470323264
4,103,0.815364846836746
4,104,1.0
4,105,1.0
4,106,0.815364846836746
4,107,1.0
4,108,1.0
4,109,0.7226827032153371
4,110,1.0
4,111,1.0
4,112,1.0
4,113,1.0
4,114,0.18916734759622822
4,115,0.815364846836746
4,116,1.0
4,117,1.0
4,118,1.0
4,119,0.9093470323264
4,120,1.0
4,121,1.0
4,122,1.0
4,123,1.0
4,124,0.815364846836746
4,125,1.0
4,126,1.0
4,127,1.0
4,128,1.0
4,129,1.0
4,130,1.0
4,131,1.0
4,132,1.0
4,133,1.0
4,134,0.7352983620513946
4,135,1.0
4,136,1.0
4,137,1.0
4,138,1.0
4,139,0.7947423890622793
4,140,0.9470950619839522
4,141,1.0
4,142,1.0
4,143,0.815364846836746
4,144,0.5724922401062387
4,145,1.0
4,146,0.815364846836746
4,147,0.18373876686006013
4,148,1.0
4,149,1.0
4,150,0.815364846836746
4,151,1.0
4,152,1.0
4,153,0.9093470323264
4,154,1.0
4,155,0.9093470323264
4,156,1.0
4,157,1.0
4,158,0.8900421475582843
4,159,1.0
4,160,1.0
4,161,1.0
4,162,1.0
4,163,1.0
4,164,1.0
4,165,1.0
4,166,1.0
4,167,1.0
4,168,1.0
4,169,0.550429150592159
4,170,1.0
4,171,1.0
4,172,1.0
4,173,0.14975734262632112
4,174,1.0
4,175,0.5724922401062387
4,176,0.662551467494809
4,177,1.0
4,178,1.0
4,179,0.6820969984331005
4,180,1.0
4,181,0.9093470323264
4,182,0.815364846836746
4,183,1.0
4,184,1.0
4,185,1.0
4,186,1.0
4,187,0.9093470323264
5,6,1.0
5,7,0.815364846836746
5,8,1.0
5,9,1.0
5,10,0.815364846836746
5,11,0.815364846836746
5,12,1.0
5,13,1.0
5,14,0.6920976820421636
5,15,0.7352983620513946
5,16,1.0
5,17,0.5724922401062387
5,18,1.0
5,19,1.0
5,20,0.8817862305488728
5,21,0.5724922401062387
5,22,1.0
5,23,1.0
5,24,1.0
5,25,1.0
5,26,0.5036412081848483
5,27,0.6578994217195917
5,28,1.0
5,29,0.815364846836746
5,30,1.0
5,31,0.7352983620513946
5,32,1.0
5,33,1.0
5,34,1.0
5,35,1.0
5,36,0.9507041881709587
5,37,0.5788029009814162
5,38,1.0
5,39,1.0
5,40,1.0
5,41,0.815364846836746
5,42,1.0
5,43,1.0
5,44,0.815364846836746
5,45,1.0
5,46,0.815364846836746
5,47,0.8900421475582843
72,98,1.0
72,99,0.9093470323264
72,100,1.0
72,101,1.0
72,102,0.9093470323264
72,103,0.815364846836746
72,104,1.0
72,105,1.0
72,106,0.815364846836746
72,107,1.0
72,108,1.0
72,109,0.7226827032153371
72,110,1.0
72,111,1.0
72,112,1.0
72,113,1.0
72,114,0.18916734759622822
72,115,0.815364846836746
72,116,1.0
72,117,1.0
72,118,1.0
72,119,0.9093470323264
72,120,1.0
72,121,1.0
72,122,1.0
72,123,1.0
72,124,0.815364846836746
72,125,1.0
72,126,1.0
72,127,1.0
72,128,1.0
72,129,1.0
72,130,1.0
72,131,1.0
72,132,1.0
72,133,1.0
72,134,0.7352983620513946
72,135,1.0
72,136,1.0
72,137,1.0
72,138,1.0
72,139,0.7947423890622793
72,140,0.9470950619839522
72,141,1.0
72,142,1.0
72,143,0.815364846836746
72,144,0.5724922401062387
72,145,1.0
72,146,0.815364846836746
72,147,0.18373876686006013
72,148,1.0
72,149,1.0
72,150,0.815364846836746
72,151,1.0
72,152,1.0
72,153,0.9093470323264
72,154,1.0
72,155,0.9093470323264
72,156,1.0
72,157,1.0
72,158,0.8900421475582843
72,159,1.0
72,160,1.0
72,161,1.0
72,162,1.0
72,163,1.0
72,164,1.0
72,165,1.0
72,166,1.0
72,167,1.0
72,168,1.0
72,169,0.550429150592159
72,170,1.0
72,171,1.0
72,172,1.0
72,173,0.14975734262632112
72,174,1.0
72,175,0.5724922401062387
72,176,0.662551467494809
72,177,1.0
72,178,1.0
72,179,0.6820969984331005
72,180,1.0
72,181,0.9093470323264
72,182,0.815364846836746
72,183,1.0
72,184,1.0
72,185,1.0
72,186,1.0
72,187,0.9093470323264
73,74,1.0
73,75,1.0
73,76,0.815364846836746
73,77,1.0
73,78,1.0
73,79,1.0
73,80,0.6920976820421636
73,81,0.815364846836746
73,82,1.0
73,83,1.0
73,84,1.0
73,85,0.815364846836746
73,86,0.7022057879801827
73,87,1.0
73,88,1.0
73,89,1.0
73,90,0.815364846836746
73,91,0.9470950619839522
73,92,1.0
73,93,1.0
73,94,1.0
73,95,0.9470950619839522
73,96,1.0
73,97,1.0
73,98,1.0
73,99,0.9093470323264
73,100,1.0
73,101,1.0
73,102,0.9093470323264
73,103,0.815364846836746
73,104,1.0
73,105,1.0
73,106,0.815364846836746
73,107,1.0
73,108,1.0
73,109,0.7226827032153371
73,110,1.0
73,111,1.0
73,112,1.0
73,113,1.0
73,114,0.18916734759622822
73,115,0.815364846836746
73,116,1.0
73,117,1.0
73,118,1.0
73,119,0.9093470323264
73,120,1.0
73,121,1.0
73,122,1.0
73,123,1.0
73,124,0.815364846836746
73,125,1.0
73,126,1.0
73,127,1.0
73,128,1.0
73,129,1.0
73,130,1.0
73,131,1.0
73,132,1.0
73,133,1.0
73,134,0.7352983620513946
73,135,1.0
73,136,1.0
73,137,1.0
73,138,1.0
73,139,0.7947423890622793
73,140,0.9470950619839522
73,141,1.0
73,142,1.0
73,143,0.815364846836746
73,144,0.5724922401062387
73,145,1.0
73,146,0.815364846836746
73,147,0.18373876686006013
73,148,1.0
73,149,1.0
73,150,0.815364846836746
73,151,1.0
73,152,1.0
73,153,0.9093470323264
73,154,1.0
73,155,0.9093470323264
73,156,1.0
73,157,1.0
73,158,0.8900421475582843
73,159,1.0
73,160,1.0
73,161,1.0
73,162,1.0
73,163,1.0
73,164,1.0
73,165,1.0
73,166,1.0
73,167,1.0
73,168,1.0
73,169,0.550429150592159
73,170,1.0
73,171,1.0
73,172,1.0
73,173,0.14975734262632112
73,174,1.0
73,175,0.5724922401062387
73,176,0.662551467494809
73,177,1.0
73,178,1.0
73,179,0.6820969984331005
73,180,1.0
73,181,0.9093470323264
73,182,0.815364846836746
73,183,1.0
73,184,1.0
73,185,1.0
73,186,1.0
73,187,0.9093470323264
74,75,1.0
74,76,0.815364846836746
74,77,1.0
74,78,1.0
74,79,1.0
74,80,0.6920976820421636
74,81,0.815364846836746
74,82,1.0
74,83,1.0
74,84,1.0
74,85,0.815364846836746
74,86,0.7022057879801827
74,87,1.0
74,88,1.0
74,89,1.0
74,90,0.815364846836746
74,91,0.9470950619839522
74,92,1.0
74,93,1.0
74,94,1.0
74,95,0.9470950619839522
74,96,1.0
74,97,1.0
74,98,1.0
74,99,0.9093470323264
74,100,1.0
74,101,1.0
74,102,0.9093470323264
74,103,0.815364846836746
74,104,1.0
74,105,1.0
74,106,0.815364846836746
74,107,1.0
74,108,1.0
74,109,0.7226827032153371
74,110,1.0
74,111,1.0
74,112,1.0
74,113,1.0
74,114,0.18916734759622822
74,115,0.815364846836746
74,116,1.0
74,117,1.0
74,118,1.0
74,119,0.9093470323264
74,120,1.0
74,121,1.0
74,122,1.0
74,123,1.0
74,124,0.815364846836746
74,125,1.0
74,126,1.0
74,127,1.0
74,128,1.0
74,129,1.0
74,130,1.0
74,131,1.0
74,132,1.0
74,133,1.0
74,134,0.7352983620513946
74,135,1.0
74,136,1.0
74,137,1.0
74,138,1.0
74,139,0.7947423890622793
74,140,0.9470950619839522
74,141,1.0
74,142,1.0
74,143,0.815364846836746
74,144,0.5724922401062387
74,145,1.0
74,146,0.815364846836746
74,147,0.18373876686006013
74,148,1.0
74,149,1.0
74,150,0.815364846836746
74,151,1.0
74,152,1.0
74,153,0.9093470323264
74,154,1.0
74,155,0.9093470323264
74,156,1.0
74,157,1.0
74,158,0.8900421475582843
74,159,1.0
74,160,1.0
74,161,1.0
74,162,1.0
74,163,1.0
74,164,1.0
74,165,1.0
74,166,1.0
74,167,1.0
74,168,1.0
74,169,0.550429150592159
74,170,1.0
74,171,1.0
74,172,1.0
74,173,0.14975734262632112
74,174,1.0
74,175,0.5724922401062387
74,176,0.662551467494809
74,177,1.0
74,178,1.0
74,179,0.6820969984331005
74,180,1.0
74,181,0.9093470323264
74,182,0.815364846836746
74,183,1.0
74,184,1.0
74,185,1.0
74,186,1.0
74,187,0.9093470323264
75,76,0.815364846836746
75,77,1.0
75,78,1.0
75,79,1.0
75,80,0.6920976820421636
75,81,0.815364846836746
75,82,1.0
75,83,1.0
75,84,1.0
75,85,0.815364846836746
75,86,0.7022057879801827
75,87,1.0
75,88,1.0
75,89,1.0
75,90,0.815364846836746
75,91,0.9470950619839522
75,92,1.0
75,93,1.0
75,94,1.0
75,95,0.9470950619839522
75,96,1.0
75,97,1.0
75,98,1.0
75,99,0.9093470323264
75,100,1.0
75,101,1.0
75,102,0.9093470323264
75,103,0.815364846836746
75,104,1.0
75,105,1.0
75,106,0.815364846836746
75,107,1.0
75,108,1.0
75,109,0.7226827032153371
75,110,1.0
75,111,1.0
75,112,1.0
75,113,1.0
75,114,0.18916734759622822
75,115,0.815364846836746
75,116,1.0
75,117,1.0
75,118,1.0
75,119,0.9093470323264
75,120,1.0
75,121,1.0
75,122,1.0
75,123,1.0
75,124,0.815364846836746
75,125,1.0
75,126,1.0
75,127,1.0
75,128,1.0
75,129,1.0
75,130,1.0
75,131,1.0
75,132,1.0
75,133,1.0
75,134,0.7352983620513946
75,135,1.0
75,136,1.0
75,137,1.0
75,138,1.0
75,139,0.7947423890622793
75,140,0.9470950619839522
75,141,1.0
75,142,1.0
75,143,0.815364846836746
75,144,0.5724922401062387
75,145,1.0
75,146,0.815364846836746
75,147,0.18373876686006013
75,148,1.0
75,149,1.0
75,150,0.815364846836746
75,151,1.0
75,152,1.0
75,153,0.9093470323264
75,154,1.0
75,155,0.9093470323264
75,156,1.0
75,157,1.0
75,158,0.8900421475582843
75,159,1.0
75,160,1.0
75,161,1.0
75,162,1.0
75,163,1.0
75,164,1.0
75,165,1.0
75,166,1.0
75,167,1.0
75,168,1.0
75,169,0.550429150592159
75,170,1.0
75,171,1.0
75,172,1.0
75,173,0.14975734262632112
75,174,1.0
75,175,0.5724922401062387
75,176,0.662551467494809
75,177,1.0
75,178,1.0
75,179,0.6820969984331005
75,180,1.0
75,181,0.9093470323264
75,182,0.815364846836746
75,183,1.0
75,184,1.0
75,185,1.0
75,186,1.0
75,187,0.9093470323264
76,77,0.815364846836746
76,78,0.815364846836746
76,79,0.815364846836746
76,80,0.8906806019563355
76,81,1.0
76,82,0.815364846836746
76,83,0.815364846836746
76,84,0.815364846836746
76,85,1.0
76,86,0.8347887515073429
76,87,0.815364846836746
76,88,0.815364846836746
76,89,0.815364846836746
76,90,1.0
76,91,0.7892496294667761
76,92,0.815364846836746
76,93,0.815364846836746
76,94,0.815364846836746
76,95,0.7892496294667761
76,96,0.815364846836746
76,97,0.815364846836746
76,98,0.815364846836746
76,99,0.9592593655209976
76,100,0.815364846836746
76,101,0.815364846836746
76,102,0.9592593655209976
76,103,1.0
76,104,0.815364846836746
76,105,0.815364846836746
76,106,1.0
76,107,0.815364846836746
76,108,0.815364846836746
76,109,0.6328029612089326
76,110,0.815364846836746
76,111,0.815364846836746
76,112,0.815364846836746
76,113,0.815364846836746
76,114,0.24221501116913607
76,115,1.0
76,116,0.815364846836746
76,117,0.815364846836746
76,118,0.815364846836746
76,119,0.9592593655209976
76,120,0.815364846836746
76,121,0.815364846836746
76,122,0.815364846836746
76,123,0.815364846836746
76,124,1.0
76,125,0.815364846836746
76,126,0.815364846836746
76,127,0.815364846836746
76,128,0.815364846836746
76,129,0.815364846836746
76,130,0.815364846836746
76,131,0.815364846836746
76,132,0.815364846836746
76,133,0.815364846836746
76,134,0.92525682447656
76,135,0.815364846836746
76,136,0.815364846836746
76,137,0.815364846836746
76,138,0.815364846836746
76,139,0.8661494104602792
76,140,0.7892496294667761
76,141,0.815364846836746
76,142,0.815364846836746
76,143,1.0
76,144,0.5614075027460257
76,145,0.815364846836746
76,146,1.0
76,147,0.24903090526115323
76,148,0.815364846836746
76,149,0.815364846836746
76,150,1.0
76,151,0.815364846836746
76,152,0.815364846836746
76,153,0.9592593655209976
76,154,0.815364846836746
76,155,0.9592593655209976
76,156,0.815364846836746
76,157,0.815364846836746
76,158,0.7945241034170643
76,159,0.815364846836746
76,160,0.815364846836746
76,161,0.815364846836746
76,162,0.815364846836746
76,163,0.815364846836746
76,164,0.815364846836746
76,165,0.815364846836746
76,166,0.815364846836746
76,167,0.815364846836746
76,168,0.815364846836746
76,169,0.6734392389983889
76,170,0.815364846836746
76,171,0.815364846836746
76,172,0.815364846836746
76,173,0.14336242476168998
76,174,0.815364846836746
76,175,0.5614075027460257
76,176,0.569255103847141
76,177,0.815364846836746
76,178,0.815364846836746
76,179,0.8966651402219813
76,180,0.815364846836746
76,181,0.9592593655209976
76,182,1.0
76,183,0.815364846836746
76,184,0.815364846836746
76,185,0.815364846836746
76,186,0.815364846836746
76,187,0.9592593655209976
77,78,1.0
77,79,1.0
77,80,0.6920976820421636
77,81,0.815364846836746
77,82,1.0
77,83,1.0
77,84,1.0
77,85,0.815364846836746
77,86,0.7022057879801827
77,87,1.0
77,88,1.0
77,89,1.0
77,90,0.815364846836746
77,91,0.9470950619839522
77,92,1.0
77,93,1.0
77,94,1.0
77,95,0.9470950619839522
77,96,1.0
77,97,1.0
77,98,1.0
77,99,0.9093470323264
77,100,1.0
77,101,1.0
77,102,0.9093470323264
77,103,0.815364846836746
77,104,1.0
77,105,1.0
77,106,0.815364846836746
77,107,1.0
77,108,1.0
77,109,0.7226827032153371
77,110,1.0
77,111,1.0
77,112,1.0
77,113,1.0
77,114,0.18916734759622822
77,115,0.815364846836746
77,116,1.0
77,117,1.0
77,118,1.0
77,119,0.9093470323264
77,120,1.0
77,121,1.0
77,122,1.0
77,123,1.0
77,124,0.815364846836746
77,125,1.0
77,126,1.0
77,127,1.0
77,128,1.0
77,129,1.0
77,130,1.0
77,131,1.0
77,132,1.0
77,133,1.0
77,134,0.7352983620513946
77,135,1.0
77,136,1.0
77,137,1.0
77,138,1.0
77,139,0.7947423890622793
77,140,0.9470950619839522
77,141,1.0
77,142,1.0
77,143,0.815364846836746
77,144,0.5724922401062387
77,145,1.0
77,146,0.815364846836746
77,147,0.18373876686006013
77,148,1.0
77,149,1.0
77,150,0.815364846836746
77,151,1.0
77,152,1.0
77,153,0.9093470323264
77,154,1.0
77,155,0.9093470323264
77,156,1.0
77,157,1.0
77,158,0.8900421475582843
77,159,1.0
77,160,1.0
77,161,1.0
77,162,1.0
77,163,1.0
77,164,1.0
77,165,1.0
77,166,1.0
77,167,1.0
77,168,1.0
77,169,0.550429150592159
77,170,1.0
77,171,1.0
77,172,1.0
77,173,0.14975734262632112
77,174,1.0
77,175,0.5724922401062387
77,176,0.662551467494809
77,177,1.0
77,178,1.0
77,179,0.6820969984331005
77,180,1.0
77,181,0.9093470323264
77,182,0.815364846836746
77,183,1.0
77,184,1.0
77,185,1.0
77,186,1.0
77,187,0.9093470323264
78,79,1.0
78,80,0.6920976820421636
78,81,0.815364846836746
78,82,1.0
78,83,1.0
78,84,1.0
78,85,0.815364846836746
78,86,0.7022057879801827
78,87,1.0
78,88,1.0
78,89,1.0
78,90,0.815364846836746
78,91,0.9470950619839522
78,92,1.0
78,93,1.0
78,94,1.0
78,95,0.9470950619839522
78,96,1.0
78,97,1.0
78,98,1.0
78,99,0.9093470323264
78,100,1.0
78,101,1.0
78,102,0.9093470323264
78,103,0.815364846836746
78,104,1.0
78,105,1.0
78,106,0.815364846836746
78,107,1.0
78,108,1.0
78,109,0.7226827032153371
78,110,1.0
78,111,1.0
78,112,1.0
78,113,1.0
78,114,0.18916734759622822
78,115,0.815364846836746
78,116,1.0
78,117,1.0
78,118,1.0
78,119,0.9093470323264
78,120,1.0
78,121,1.0
78,122,1.0
78,123,1.0
78,124,0.815364846836746
78,125,1.0
78,126,1.0
78,127,1.0
78,128,1.0
78,129,1.0
78,130,1.0
78,131,1.0
78,132,1.0
78,133,1.0
78,134,0.7352983620513946
78,135,1.0
78,136,1.0
78,137,1.0
78,138,1.0
78,139,0.7947423890622793
78,140,0.9470950619839522
78,141,1.0
78,142,1.0
78,143,0.815364846836746
78,144,0.5724922401062387
78,145,1.0
78,146,0.815364846836746
78,147,0.18373876686006013
78,148,1.0
78,149,1.0
78,150,0.815364846836746
78,151,1.0
78,152,1.0
78,153,0.9093470323264
78,154,1.0
78,155,0.9093470323264
78,156,1.0
78,157,1.0
78,158,0.8900421475582843
78,159,1.0
78,160,1.0
78,161,1.0
78,162,1.0
78,163,1.0
78,164,1.0
78,165,1.0
78,166,1.0
78,167,1.0
78,168,1.0
78,169,0.550429150592159
78,170,1.0
78,171,1.0
78,172,1.0
78,173,0.14975734262632112
78,174,1.0
78,175,0.5724922401062387
78,176,0.662551467494809
78,177,1.0
78,178,1.0
78,179,0.6820969984331005
78,180,1.0
78,181,0.9093470323264
78,182,0.815364846836746
78,183,1.0
78,184,1.0
78,185,1.0
78,186,1.0
78,187,0.9093470323264
79,80,0.6920976820421636
79,81,0.815364846836746
79,82,1.0
79,83,1.0
79,84,1.0
79,85,0.815364846836746
79,86,0.7022057879801827
79,87,1.0
79,88,1.0
79,89,1.0
79,90,0.815364846836746
79,91,0.9470950619839522
79,92,1.0
79,93,1.0
79,94,1.0
79,95,0.9470950619839522
79,96,1.0
79,97,1.0
79,98,1.0
79,99,0.9093470323264
79,100,1.0
79,101,1.0
79,102,0.9093470323264
79,103,0.815364846836746
79,104,1.0
79,105,1.0
79,106,0.815364846836746
79,107,1.0
79,108,1.0
79,109,0.7226827032153371
79,110,1.0
79,111,1.0
79,112,1.0
79,113,1.0
79,114,0.18916734759622822
79,115,0.815364846836746
79,116,1.0
79,117,1.0
79,118,1.0
79,119,0.9093470323264
79,120,1.0
79,121,1.0
79,122,1.0
79,123,1.0
79,124,0.815364846836746
79,125,1.0
79,126,1.0
79,127,1.0
79,128,1.0
79,129,1.0
79,130,1.0
79,131,1.0
79,132,1.0
79,133,1.0
79,134,0.7352983620513946
79,135,1.0
79,136,1.0
79,137,1.0
79,138,1.0
79,139,0.7947423890622793
79,140,0.9470950619839522
79,141,1.0
79,142,1.0
79,143,0.815364846836746
79,144,0.5724922401062387
79,145,1.0
79,146,0.815364846836746
79,147,0.18373876686006013
79,148,1.0
79,149,1.0
79,150,0.815364846836746
79,151,1.0
79,152,1.0
79,153,0.9093470323264
79,154,1.0
79,155,0.9093470323264
79,156,1.0
79,157,1.0
79,158,0.8900421475582843
79,159,1.0
79,160,1.0
79,161,1.0
79,162,1.0
79,163,1.0
79,164,1.0
79,165,1.0
79,166,1.0
79,167,1.0
79,168,1.0
79,169,0.550429150592159
79,170,1.0
79,171,1.0
79,172,1.0
79,173,0.14975734262632112
79,174,1.0
79,175,0.5724922401062387
79,176,0.662551467494809
79,177,1.0
79,178,1.0
79,179,0.6820969984331005
79,180,1.0
79,181,0.9093470323264
79,182,0.815364846836746
79,183,1.0
79,184,1.0
79,185,1.0
79,186,1.0
79,187,0.9093470323264
80,81,0.8906806019563355
80,82,0.6920976820421636
80,83,0.6920976820421636
80,84,0.6920976820421636
80,85,0.8906806019563355
80,86,0.7711560391057132
80,87,0.6920976820421636
80,88,0.6920976820421636
80,89,0.6920976820421636
80,90,0.8906806019563355
80,91,0.6698682042068682
80,92,0.6920976820421636
80,93,0.6920976820421636
80,94,0.6920976820421636
80,95,0.6698682042068682
80,96,0.6920976820421636
80,97,0.6920976820421636
80,98,0.6920976820421636
80,99,0.8499399674773331
80,100,0.6920976820421636
80,101,0.6920976820421636
80,102,0.8499399674773331
80,103,0.8906806019563355
80,104,0.6920976820421636
80,105,0.6920976820421636
80,106,0.8906806019563355
80,107,0.6920976820421636
80,108,0.6920976820421636
80,109,0.5706078185345399
80,110,0.6920976820421636
80,111,0.6920976820421636
80,112,0.6920976820421636
80,113,0.6920976820421636
80,114,0.260522576880489
80,115,0.8906806019563355
80,116,0.6920976820421636
80,117,0.6920976820421636
80,118,0.6920976820421636
80,119,0.8499399674773331
80,120,0.6920976820421636
80,121,0.6920976820421636
80,122,0.6920976820421636
80,123,0.6920976820421636
80,124,0.8906806019563355
80,125,0.6920976820421636
80,126,0.6920976820421636
80,127,0.6920976820421636
80,128,0.6920976820421636
80,129,0.6920976820421636
80,130,0.6920976820421636
80,131,0.6920976820421636
80,132,0.6920976820421636
80,133,0.6920976820421636
80,134,0.8545300745002838
80,135,0.6920976820421636
80,136,0.6920976820421636
80,137,0.6920976820421636
80,138,0.6920976820421636
80,139,0.7853606332677594
80,140,0.6698682042068682
80,141,0.6920976820421636
80,142,0.6920976820421636
80,143,0.8906806019563355
80,144,0.49658925990074976
80,145,0.6920976820421636
80,146,0.8906806019563355
80,147,0.23857257832111256
80,148,0.6920976820421636
80,149,0.6920976820421636
80,150,0.8906806019563355
80,151,0.6920976820421636
80,152,0.6920976820421636
80,153,0.8499399674773331
80,154,0.6920976820421636
80,155,0.8499399674773331
80,156,0.6920976820421636
80,157,0.6920976820421636
80,158,0.6610087266798648
80,159,0.6920976820421636
80,160,0.6920976820421636
80,161,0.6920976820421636
80,162,0.6920976820421636
80,163,0.6920976820421636
80,164,0.6920976820421636
80,165,0.6920976820421636
80,166,0.6920976820421636
80,167,0.6920976820421636
80,168,0.6920976820421636
80,169,0.609806526596759
80,170,0.6920976820421636
80,171,0.6920976820421636
80,172,0.6920976820421636
80,173,0.20258599938005717
80,174,0.6920976820421636
80,175,0.49658925990074976
80,176,0.7889726326763488
80,177,0.6920976820421636
80,178,0.6920976820421636
80,179,0.8088364491268165
80,180,0.6920976820421636
80,181,0.8499399674773331
80,182,0.8906806019563355
80,183,0.6920976820421636
80,184,0.6920976820421636
80,185,0.6920976820421636
80,186,0.6920976820421636
80,187,0.8499399674773331
81,82,0.815364846836746
81,83,0.815364846836746
81,84,0.815364846836746
81,85,1.0
81,86,0.8347887515073429
81,87,0.815364846836746
81,88,0.815364846836746
81,89,0.815364846836746
81,90,1.0
81,91,0.7892496294667761
81,92,0.815364846836746
81,93,0.815364846836746
81,94,0.815364846836746
81,95,0.7892496294667761
81,96,0.815364846836746
81,97,0.815364846836746
81,98,0.815364846836746
81,99,0.9592593655209976
81,100,0.815364846836746
81,101,0.815364846836746
81,102,0.9592593655209976
81,103,1.0
81,104,0.815364846836746
81,105,0.815364846836746
81,106,1.0
81,107,0.815364846836746
81,108,0.815364846836746
81,109,0.6328029612089326
81,110,0.815364846836746
81,111,0.815364846836746
81,112,0.815364846836746
81,113,0.815364846836746
81,114,0.24221501116913607
81,115,1.0
81,116,0.815364846836746
81,117,0.815364846836746
81,118,0.815364846836746
81,119,0.9592593655209976
81,120,0.815364846836746
81,121,0.815364846836746
81,122,0.815364846836746
81,123,0.815364846836746
81,124,1.0
81,125,0.815364846836746
81,126,0.815364846836746
81,127,0.815364846836746
81,128,0.815364846836746
81,129,0.815364846836746
81,130,0.815364846836746
81,131,0.815364846836746
81,132,0.815364846836746
81,133,0.815364846836746
81,134,0.92525682447656
81,135,0.815364846836746
81,136,0.815364846836746
81,137,0.815364846836746
81,138,0.815364846836746
81,139,0.8661494104602792
81,140,0.7892496294667761
81,141,0.815364846836746
81,142,0.815364846836746
81,143,1.0
81,144,0.5614075027460257
81,145,0.815364846836746
81,146,1.0
81,147,0.24903090526115323
81,148,0.815364846836746
81,149,0.815364846836746
81,150,1.0
81,151,0.815364846836746
81,152,0.815364846836746
81,153,0.9592593655209976
81,154,0.815364846836746
81,155,0.9592593655209976
81,156,0.815364846836746
81,157,0.815364846836746
81,158,0.7945241034170643
81,159,0.815364846836746
81,160,0.815364846836746
81,161,0.815364846836746
81,162,0.815364846836746
81,163,0.815364846836746
81,164,0.815364846836746
81,165,0.815364846836746
81,166,0.815364846836746
81,167,0.815364846836746
81,168,0.815364846836746
81,169,0.6734392389983889
81,170,0.815364846836746
81,171,0.815364846836746
81,172,0.815364846836746
81,173,0.14336242476168998
81,174,0.815364846836746
81,175,0.5614075027460257
81,176,0.569255103847141
81,177,0.815364846836746
81,178,0.815364846836746
81,179,0.8966651402219813
81,180,0.815364846836746
81,181,0.9592593655209976
81,182,1.0
81,183,0.815364846836746
81,184,0.815364846836746
81,185,0.815364846836746
81,186,0.815364846836746
81,187,0.9592593655209976
82,83,1.0
82,84,1.0
82,85,0.815364846836746
82,86,0.7022057879801827
82,87,1.0
82,88,1.0
82,89,1.0
82,90,0.815364846836746
82,91,0.9470950619839522
82,92,1.0
82,93,1.0
82,94,1.0
82,95,0.9470950619839522
82,96,1.0
82,97,1.0
82,98,1.0
82,99,0.9093470323264
82,100,1.0
82,101,1.0
82,102,0.9093470323264
82,103,0.815364846836746
82,104,1.0
82,105,1.0
82,106,0.815364846836746
82,107,1.0
82,108,1.0
82,109,0.7226827032153371
82,110,1.0
82,111,1.0
82,112,1.0
82,113,1.0
82,114,0.18916734759622822
82,115,0.815364846836746
82,116,1.0
82,117,1.0
82,118,1.0
82,119,0.9093470323264
82,120,1.0
82,121,1.0
82,122,1.0
82,123,1.0
82,124,0.815364846836746
82,125,1.0
82,126,1.0
82,127,1.0
82,128,1.0
82,129,1.0
82,130,1.0
82,131,1.0
82,132,1.0
82,133,1.0
82,134,0.7352983620513946
82,135,1.0
82,136,1.0
82,137,1.0
82,138,1.0
82,139,0.7947423890622793
82,140,0.9470950619839522
82,141,1.0
82,142,1.0
82,143,0.815364846836746
82,144,0.5724922401062387
82,145,1.0
82,146,0.815364846836746
82,147,0.18373876686006013
82,148,1.0
82,149,1.0
82,150,0.815364846836746
82,151,1.0
82,152,1.0
82,153,0.9093470323264
82,154,1.0
82,155,0.9093470323264
82,156,1.0
82,157,1.0
82,158,0.8900421475582843
82,159,1.0
82,160,1.0
82,161,1.0
82,162,1.0
82,163,1.0
82,164,1.0
82,165,1.0
82,166,1.0
82,167,1.0
82,168,1.0
82,169,0.550429150592159
82,170,1.0
82,171,1.0
82,172,1.0
82,173,0.14975734262632112
82,174,1.0
82,175,0.5724922401062387
82,176,0.662551467494809
82,177,1.0
82,178,1.0
82,179,0.6820969984331005
82,180,1.0
82,181,0.9093470323264
82,182,0.815364846836746
82,183,1.0
82,184,1.0
82,185,1.0
82,186,1.0
82,187,0.9093470323264
83,84,1.0
83,85,0.815364846836746
83,86,0.7022057879801827
83,87,1.0
83,88,1.0
83,89,1.0
83,90,0.815364846836746
83,91,0.9470950619839522
83,92,1.0
83,93,1.0
83,94,1.0
83,95,0.9470950619839522
83,96,1.0
83,97,1.0
83,98,1.0
83,99,0.9093470323264
83,100,1.0
83,101,1.0
83,102,0.9093470323264
83,103,0.815364846836746
83,104,1.0
83,105,1.0
83,106,0.815364846836746
83,107,1.0
83,108,1.0
83,109,0.7226827032153371
83,110,1.0
83,111,1.0
83,112,1.0
83,113,1.0
83,114,0.18916734759622822
83,115,0.815364846836746
83,116,1.0
83,117,1.0
83,118,1.0
83,119,0.9093470323264
83,120,1.0
83,121,1.0
83,122,1.0
83,123,1.0
83,124,0.815364846836746
83,125,1.0
83,126,1.0
83,127,1.0
83,128,1.0
83,129,1.0
83,130,1.0
83,131,1.0
83,132,1.0
83,133,1.0
83,134,0.7352983620513946
83,135,1.0
83,136,1.0
83,137,1.0
83,138,1.0
83,139,0.7947423890622793
83,140,0.9470950619839522
83,141,1.0
83,142,1.0
83,143,0.815364846836746
83,144,0.5724922401062387
83,145,1.0
83,146,0.815364846836746
83,147,0.18373876686006013
83,148,1.0
83,149,1.0
83,150,0.815364846836746
83,151,1.0
83,152,1.0
83,153,0.9093470323264
83,154,1.0
83,155,0.9093470323264
83,156,1.0
83,157,1.0
83,158,0.8900421475582843
83,159,1.0
83,160,1.0
83,161,1.0
83,162,1.0
83,163,1.0
83,164,1.0
83,165,1.0
83,166,1.0
83,167,1.0
83,168,1.0
83,169,0.550429150592159
83,170,1.0
83,171,1.0
83,172,1.0
83,173,0.14975734262632112
83,174,1.0
83,175,0.5724922401062387
83,176,0.662551467494809
83,177,1.0
83,178,1.0
83,179,0.6820969984331005
83,180,1.0
83,181,0.9093470323264
83,182,0.815364846836746
83,183,1.0
83,184,1.0
83,185,1.0
83,186,1.0
83,187,0.9093470323264
84,85,0.815364846836746
84,86,0.7022057879801827
84,87,1.0
84,88,1.0
84,89,1.0
84,90,0.815364846836746
84,91,0.9470950619839522
84,92,1.0
84,93,1.0
84,94,1.0
84,95,0.9470950619839522
84,96,1.0
84,97,1.0
84,98,1.0
84,99,0.9093470323264
84,100,1.0
84,101,1.0
84,102,0.9093470323264
84,103,0.815364846836746
84,104,1.0
84,105,1.0
84,106,0.815364846836746
84,107,1.0
84,108,1.0
84,109,0.7226827032153371
84,110,1.0
84,111,1.0
84,112,1.0
84,113,1.0
84,114,0.18916734759622822
84,115,0.815364846836746
84,116,1.0
84,117,1.0
84,118,1.0
84,119,0.9093470323264
84,120,1.0
84,121,1.0
84,122,1.0
84,123,1.0
84,124,0.815364846836746
84,125,1.0
84,126,1.0
84,127,1.0
84,128,1.0
84,129,1.0
84,130,1.0
84,131,1.0
84,132,1.0
84,133,1.0
84,134,0.7352983620513946
84,135,1.0
84,136,1.0
84,137,1.0
84,138,1.0
84,139,0.7947423890622793
84,140,0.9470950619839522
84,141,1.0
84,142,1.0
84,143,0.815364846836746
84,144,0.5724922401062387
84,145,1.0
84,146,0.815364846836746
84,147,0.18373876686006013
84,148,1.0
84,149,1.0
84,150,0.815364846836746
84,151,1.0
84,152,1.0
84,153,0.9093470323264
84,154,1.0
84,155,0.9093470323264
84,156,1.0
84,157,1.0
84,158,0.8900421475582843
84,159,1.0
84,160,1.0
84,161,1.0
84,162,1.0
84,163,1.0
84,164,1.0
84,165,1.0
84,166,1.0
84,167,1.0
84,168,1.0
84,169,0.550429150592159
84,170,1.0
84,171,1.0
84,172,1.0
84,173,0.14975734262632112
84,174,1.0
84,175,0.5724922401062387
84,176,0.662551467494809
84,177,1.0
84,178,1.0
84,179,0.6820969984331005
84,180,1.0
84,181,0.9093470323264
84,182,0.815364846836746
84,183,1.0
84,184,1.0
84,185,1.0
84,186,1.0
84,187,0.9093470323264
85,86,0.8347887515073429
85,87,0.815364846836746
85,88,0.815364846836746
85,89,0.815364846836746
85,90,1.0
85,91,0.7892496294667761
85,92,0.815364846836746
85,93,0.815364846836746
85,94,0.815364846836746
85,95,0.7892496294667761
85,96,0.815364846836746
85,97,0.815364846836746
85,98,0.815364846836746
85,99,0.9592593655209976
85,100,0.815364846836746
85,101,0.815364846836746
85,102,0.9592593655209976
85,103,1.0
85,104,0.815364846836746
85,105,0.815364846836746
85,106,1.0
85,107,0.815364846836746
85,108,0.815364846836746
85,109,0.6328029612089326
85,110,0.815364846836746
85,111,0.815364846836746
85,112,0.815364846836746
85,113,0.815364846836746
85,114,0.24221501116913607
85,115,1.0
85,116,0.815364846836746
85,117,0.815364846836746
85,118,0.815364846836746
85,119,0.9592593655209976
85,120,0.815364846836746
85,121,0.815364846836746
85,122,0.815364846836746
85,123,0.815364846836746
85,124,1.0
85,125,0.815364846836746
85,126,0.815364846836746
85,127,0.815364846836746
85,128,0.815364846836746
85,129,0.815364846836746
85,130,0.815364846836746
85,131,0.815364846836746
85,132,0.815364846836746
85,133,0.815364846836746
85,134,0.92525682447656
85,135,0.815364846836746
85,136,0.815364846836746
85,137,0.815364846836746
85,138,0.815364846836746
85,139,0.8661494104602792
85,140,0.7892496294667761
85,141,0.815364846836746
85,142,0.815364846836746
85,143,1.0
85,144,0.5614075027460257
85,145,0.815364846836746
85,146,1.0
85,147,0.24903090526115323
85,148,0.815364846836746
85,149,0.815364846836746
85,150,1.0
85,151,0.815364846836746
85,152,0.815364846836746
85,153,0.9592593655209976
85,154,0.815364846836746
85,155,0.9592593655209976
85,156,0.815364846836746
85,157,0.815364846836746
85,158,0.7945241034170643
85,159,0.815364846836746
85,160,0.815364846836746
85,161,0.815364846836746
85,162,0.815364846836746
85,163,0.815364846836746
85,164,0.815364846836746
85,165,0.815364846836746
85,166,0.815364846836746
85,167,0.815364846836746
85,168,0.815364846836746
85,169,0.6734392389983889
85,170,0.815364846836746
85,171,0.815364846836746
85,172,0.815364846836746
85,173,0.14336242476168998
85,174,0.815364846836746
85,175,0.5614075027460257
85,176,0.569255103847141
85,177,0.815364846836746
85,178,0.815364846836746
85,179,0.8966651402219813
85,180,0.815364846836746
85,181,0.9592593655209976
85,182,1.0
85,183,0.815364846836746
85,184,0.815364846836746
85,185,0.815364846836746
85,186,0.815364846836746
85,187,0.9592593655209976
86,87,0.7022057879801827
86,88,0.7022057879801827
86,89,0.7022057879801827
86,90,0.8347887515073429
86,91,0.6781465691821404
86,92,0.7022057879801827
86,93,0.7022057879801827
86,94,0.7022057879801827
86,95,0.6781465691821404
86,96,0.7022057879801827
86,97,0.7022057879801827
86,98,0.7022057879801827
86,99,0.8285873340885445
86,100,0.7022057879801827
86,101,0.7022057879801827
86,102,0.8285873340885445
86,103,0.8347887515073429
86,104,0.7022057879801827
86,105,0.7022057879801827
86,106,0.8347887515073429
86,107,0.7022057879801827
86,108,0.7022057879801827
86,109,0.580715924472559
86,110,0.7022057879801827
86,111,0.7022057879801827
86,112,0.7022057879801827
86,113,0.7022057879801827
86,114,0.24641122686403769
86,115,0.8347887515073429
86,116,0.7022057879801827
86,117,0.7022057879801827
86,118,0.7022057879801827
86,119,0.8285873340885445
86,120,0.7022057879801827
86,121,0.7022057879801827
86,122,0.7022057879801827
86,123,0.7022057879801827
86,124,0.8347887515073429
86,125,0.7022057879801827
86,126,0.7022057879801827
86,127,0.7022057879801827
86,128,0.7022057879801827
86,129,0.7022057879801827
86,130,0.7022057879801827
86,131,0.7022057879801827
86,132,0.7022057879801827
86,133,0.7022057879801827
86,134,0.7986382240512913
86,135,0.7022057879801827
86,136,0.7022057879801827
86,137,0.7022057879801827
86,138,0.7022057879801827
86,139,0.7640079998789706
86,140,0.6781465691821404
86,141,0.7022057879801827
86,142,0.7022057879801827
86,143,0.8347887515073429
86,144,0.5932082932507863
86,145,0.7022057879801827
86,146,0.8347887515073429
86,147,0.252867358693346
86,148,0.7022057879801827
86,149,0.7022057879801827
86,150,0.8347887515073429
86,151,0.7022057879801827
86,152,0.7022057879801827
86,153,0.8285873340885445
86,154,0.7022057879801827
86,155,0.8285873340885445
86,156,0.7022057879801827
86,157,0.7022057879801827
86,158,0.669287091655137
86,159,0.7022057879801827
86,160,0.7022057879801827
86,161,0.7022057879801827
86,162,0.7022057879801827
86,163,0.7022057879801827
86,164,0.7022057879801827
86,165,0.7022057879801827
86,166,0.7022057879801827
86,167,0.7022057879801827
86,168,0.7022057879801827
86,169,0.5884538932079704
86,170,0.7022057879801827
86,171,0.7022057879801827
86,172,0.7022057879801827
86,173,0.14014531234806157
86,174,0.7022057879801827
86,175,0.5135166817045538
86,176,0.511386901995695
86,177,0.7022057879801827
86,178,0.7022057879801827
86,179,0.7529445986778238
86,180,0.7022057879801827
86,181,0.8285873340885445
86,182,0.8347887515073429
86,183,0.7022057879801827
86,184,0.7022057879801827
86,185,0.7022057879801827
86,186,0.7022057879801827
86,187,0.8285873340885445
87,88,1.0
87,89,1.0
87,90,0.815364846836746
87,91,0.9470950619839522
87,92,1.0
87,93,1.0
87,94,1.0
87,95,0.9470950619839522
87,96,1.0
87,97,1.0
87,98,1.0
87,99,0.9093470323264
87,100,1.0
87,101,1.0
87,102,0.9093470323264
87,103,0.815364846836746
87,104,1.0
87,105,1.0
87,106,0.815364846836746
87,107,1.0
87,108,1.0
87,109,0.7226827032153371
87,110,1.0
87,111,1.0
87,112,1.0
87,113,1.0
87,114,0.18916734759622822
87,115,0.815364846836746
87,116,1.0
87,117,1.0
87,118,1.0
87,119,0.9093470323264
87,120,1.0
87,121,1.0
87,122,1.0
87,123,1.0
87,124,0.815364846836746
87,125,1.0
87,126,1.0
87,127,1.0
87,128,1.0
87,129,1.0
87,130,1.0
87,131,1.0
87,132,1.0
87,133,1.0
87,134,0.7352983620513946
87,135,1.0
87,136,1.0
87,137,1.0
87,138,1.0
87,139,0.7947423890622793
87,140,0.9470950619839522
87,141,1.0
87,142,1.0
87,143,0.815364846836746
87,144,0.5724922401062387
87,145,1.0
87,146,0.815364846836746
87,147,0.18373876686006013
87,148,1.0
87,149,1.0
87,150,0.815364846836746
87,151,1.0
87,152,1.0
87,153,0.9093470323264
87,154,1.0
87,155,0.9093470323264
87,156,1.0
87,157,1.0
87,158,0.8900421475582843
87,159,1.0
87,160,1.0
87,161,1.0
87,162,1.0
87,163,1.0
87,164,1.0
87,165,1.0
87,166,1.0
87,167,1.0
87,168,1.0
87,169,0.550429150592159
87,170,1.0
87,171,1.0
87,172,1.0
87,173,0.14975734262632112
87,174,1.0
87,175,0.5724922401062387
87,176,0.662551467494809
87,177,1.0
87,178,1.0
87,179,0.6820969984331005
87,180,1.0
87,181,0.9093470323264
87,182,0.815364846836746
87,183,1.0
87,184,1.0
87,185,1.0
87,186,1.0
87,187,0.9093470323264
88,89,1.0
88,90,0.815364846836746
88,91,0.9470950619839522
88,92,1.0
88,93,1.0
88,94,1.0
88,95,0.9470950619839522
88,96,1.0
88,97,1.0
88,98,1.0
88,99,0.9093470323264
88,100,1.0
88,101,1.0
88,102,0.9093470323264
88,103,0.815364846836746
88,104,1.0
88,105,1.0
88,106,0.815364846836746
88,107,1.0
88,108,1.0
88,109,0.7226827032153371
88,110,1.0
88,111,1.0
88,112,1.0
88,113,1.0
88,114,0.18916734759622822
88,115,0.815364846836746
88,116,1.0
88,117,1.0
88,118,1.0
88,119,0.9093470323264
88,120,1.0
88,121,1.0
88,122,1.0
88,123,1.0
88,124,0.815364846836746
88,125,1.0
88,126,1.0
88,127,1.0
88,128,1.0
88,129,1.0
88,130,1.0
88,131,1.0
88,132,1.0
88,133,1.0
88,134,0.7352983620513946
88,135,1.0
88,136,1.0
88,137,1.0
88,138,1.0
88,139,0.7947423890622793
88,140,0.9470950619839522
88,141,1.0
88,142,1.0
88,143,0.815364846836746
88,144,0.5724922401062387
88,145,1.0
88,146,0.815364846836746
88,147,0.18373876686006013
88,148,1.0
88,149,1.0
88,150,0.815364846836746
88,151,1.0
88,152,1.0
88,153,0.9093470323264
88,154,1.0
88,155,0.9093470323264
88,156,1.0
88,157,1.0
88,158,0.8900421475582843
88,159,1.0
88,160,1.0
88,161,1.0
88,162,1.0
88,163,1.0
88,164,1.0
88,165,1.0
88,166,1.0
88,167,1.0
88,168,1.0
88,169,0.550429150592159
88,170,1.0
88,171,1.0
88,172,1.0
88,173,0.14975734262632112
88,174,1.0
88,175,0.5724922401062387
88,176,0.662551467494809
88,177,1.0
88,178,1.0
88,179,0.6820969984331005
88,180,1.0
88,181,0.9093470323264
88,182,0.815364846836746
88,183,1.0
88,184,1.0
88,185,1.0
88,186,1.0
88,187,0.9093470323264
89,90,0.815364846836746
89,91,0.9470950619839522
89,92,1.0
89,93,1.0
89,94,1.0
89,95,0.9470950619839522
89,96,1.0
89,97,1.0
89,98,1.0
89,99,0.9093470323264
89,100,1.0
89,101,1.0
89,102,0.9093470323264
89,103,0.815364846836746
89,104,1.0
89,105,1.0
89,106,0.815364846836746
89,107,1.0
89,108,1.0
89,109,0.7226827032153371
89,110,1.0
89,111,1.0
89,112,1.0
89,113,1.0
89,114,0.18916734759622822
89,115,0.815364846836746
89,116,1.0
89,117,1.0
89,118,1.0
89,119,0.9093470323264
89,120,1.0
89,121,1.0
89,122,1.0
89,123,1.0
89,124,0.815364846836746
89,125,1.0
89,126,1.0
89,127,1.0
89,128,1.0
89,129,1.0
89,130,1.0
89,131,1.0
89,132,1.0
89,133,1.0
89,134,0.7352983620513946
89,135,1.0
89,136,1.0
89,137,1.0
89,138,1.0
89,139,0.7947423890622793
89,140,0.9470950619839522
89,141,1.0
89,142,1.0
89,143,0.815364846836746
89,144,0.5724922401062387
89,145,1.0
89,146,0.815364846836746
89,147,0.18373876686006013
89,148,1.0
89,149,1.0
89,150,0.815364846836746
89,151,1.0
89,152,1.0
89,153,0.9093470323264
89,154,1.0
89,155,0.9093470323264
89,156,1.0
89,157,1.0
89,158,0.8900421475582843
89,159,1.0
89,160,1.0
89,161,1.0
89,162,1.0
89,163,1.0
89,164,1.0
89,165,1.0
89,166,1.0
89,167,1.0
89,168,1.0
89,169,0.550429150592159
89,170,1.0
89,171,1.0
89,172,1.0
89,173,0.14975734262632112
89,174,1.0
89,175,0.5724922401062387
89,176,0.662551467494809
89,177,1.0
89,178,1.0
89,179,0.6820969984331005
89,180,1.0
89,181,0.9093470323264
89,182,0.815364846836746
89,183,1.0
89,184,1.0
89,185,1.0
89,186,1.0
89,187,0.9093470323264
90,91,0.7892496294667761
90,92,0.815364846836746
90,93,0.815364846836746
90,94,0.815364846836746
90,95,0.7892496294667761
90,96,0.815364846836746
90,97,0.815364846836746
90,98,0.815364846836746
90,99,0.9592593655209976
90,100,0.815364846836746
90,101,0.815364846836746
90,102,0.9592593655209976
90,103,1.0
90,104,0.815364846836746
90,105,0.815364846836746
90,106,1.0
90,107,0.815364846836746
90,108,0.815364846836746
90,109,0.6328029612089326
90,110,0.815364846836746
90,111,0.815364846836746
90,112,0.815364846836746
90,113,0.815364846836746
90,114,0.24221501116913607
90,115,1.0
90,116,0.815364846836746
90,117,0.815364846836746
90,118,0.815364846836746
90,119,0.9592593655209976
90,120,0.815364846836746
90,121,0.815364846836746
90,122,0.815364846836746
90,123,0.815364846836746
90,124,1.0
90,125,0.815364846836746
90,126,0.815364846836746
90,127,0.815364846836746
90,128,0.815364846836746
90,129,0.815364846836746
90,130,0.815364846836746
90,131,0.815364846836746
90,132,0.815364846836746
90,133,0.815364846836746
90,134,0.92525682447656
90,135,0.815364846836746
90,136,0.815364846836746
90,137,0.815364846836746
90,138,0.815364846836746
90,139,0.8661494104602792
90,140,0.7892496294667761
90,141,0.815364846836746
90,142,0.815364846836746
90,143,1.0
90,144,0.5614075027460257
90,145,0.815364846836746
90,146,1.0
90,147,0.24903090526115323
90,148,0.815364846836746
90,149,0.815364846836746
90,150,1.0
90,151,0.815364846836746
90,152,0.815364846836746
90,153,0.9592593655209976
90,154,0.815364846836746
90,155,0.9592593655209976
90,156,0.815364846836746
90,157,0.815364846836746
90,158,0.7945241034170643
90,159,0.815364846836746
90,160,0.815364846836746
90,161,0.815364846836746
90,162,0.815364846836746
90,163,0.815364846836746
90,164,0.815364846836746
90,165,0.815364846836746
90,166,0.815364846836746
90,167,0.815364846836746
90,168,0.815364846836746
90,169,0.6734392389983889
90,170,0.815364846836746
90,171,0.815364846836746
90,172,0.815364846836746
90,173,0.14336242476168998
90,174,0.815364846836746
90,175,0.5614075027460257
90,176,0.569255103847141
90,177,0.815364846836746
90,178,0.815364846836746
90,179,0.8966651402219813
90,180,0.815364846836746
90,181,0.9592593655209976
90,182,1.0
90,183,0.815364846836746
90,184,0.815364846836746
90,185,0.815364846836746
90,186,0.815364846836746
90,187,0.9592593655209976
91,92,0.9470950619839522
91,93,0.9470950619839522
91,94,0.9470950619839522
91,95,1.0
91,96,0.9470950619839522
91,97,0.9470950619839522
91,98,0.9470950619839522
91,99,0.8876510349730674
91,100,0.9470950619839522
91,101,0.9470950619839522
91,102,0.8876510349730674
91,103,0.7892496294667761
91,104,0.9470950619839522
91,105,0.9470950619839522
91,106,0.7892496294667761
91,107,0.9470950619839522
91,108,0.9470950619839522
91,109,0.6921437607639391
91,110,0.9470950619839522
91,111,0.9470950619839522
91,112,0.9470950619839522
91,113,0.9470950619839522
91,114,0.17344406518096395
91,115,0.7892496294667761
91,116,0.9470950619839522
91,117,0.9470950619839522
91,118,0.9470950619839522
91,119,0.8876510349730674
91,120,0.9470950619839522
91,121,0.9470950619839522
91,122,0.9470950619839522
91,123,0.9470950619839522
91,124,0.7892496294667761
91,125,0.9470950619839522
91,126,0.9470950619839522
91,127,0.9470950619839522
91,128,0.9470950619839522
91,129,0.9470950619839522
91,130,0.9470950619839522
91,131,0.9470950619839522
91,132,0.9470950619839522
91,133,0.9470950619839522
91,134,0.7044444267270927
91,135,0.9470950619839522
91,136,0.9470950619839522
91,137,0.9470950619839522
91,138,0.9470950619839522
91,139,0.7475990280145481
91,140,1.0
91,141,0.9470950619839522
91,142,0.9470950619839522
91,143,0.7892496294667761
91,144,0.5502357480825653
91,145,0.9470950619839522
91,146,0.7892496294667761
91,147,0.16908172497164597
91,148,0.9470950619839522
91,149,0.9470950619839522
91,150,0.7892496294667761
91,151,0.9470950619839522
91,152,0.9470950619839522
91,153,0.8876510349730674
91,154,0.9470950619839522
91,155,0.8876510349730674
91,156,0.9470950619839522
91,157,0.9470950619839522
91,158,0.8746568110801292
91,159,0.9470950619839522
91,160,0.9470950619839522
91,161,0.9470950619839522
91,162,0.9470950619839522
91,163,0.9470950619839522
91,164,0.9470950619839522
91,165,0.9470950619839522
91,166,0.9470950619839522
91,167,0.9470950619839522
91,168,0.9470950619839522
91,169,0.5340564625007379
91,170,0.9470950619839522
91,171,0.9470950619839522
91,172,0.9470950619839522
91,173,0.1395120213682112
91,174,0.9470950619839522
91,175,0.5502357480825653
91,176,0.6470123150005838
91,177,0.9470950619839522
91,178,0.9470950619839522
91,179,0.6613050903250419
91,180,0.9470950619839522
91,181,0.8876510349730674
91,182,0.7892496294667761
91,183,0.9470950619839522
91,184,0.9470950619839522
91,185,0.9470950619839522
91,186,0.9470950619839522
91,187,0.8876510349730674
92,93,1.0
92,94,1.0
92,95,0.9470950619839522
92,96,1.0
92,97,1.0
92,98,1.0
92,99,0.9093470323264
92,100,1.0
92,101,1.0
92,102,0.9093470323264
92,103,0.815364846836746
92,104,1.0
92,105,1.0
92,106,0.815364846836746
92,107,1.0
92,108,1.0
92,109,0.7226827032153371
92,110,1.0
92,111,1.0
92,112,1.0
92,113,1.0
92,114,0.18916734759622822
92,115,0.815364846836746
92,116,1.0
92,117,1.0
92,118,1.0
92,119,0.9093470323264
92,120,1.0
92,121,1.0
92,122,1.0
92,123,1.0
92,124,0.815364846836746
92,125,1.0
92,126,1.0
92,127,1.0
92,128,1.0
92,129,1.0
92,130,1.0
92,131,1.0
92,132,1.0
92,133,1.0
92,134,0.7352983620513946
92,135,1.0
92,136,1.0
92,137,1.0
92,138,1.0
92,139,0.7947423890622793
92,140,0.9470950619839522
92,141,1.0
92,142,1.0
92,143,0.815364846836746
92,144,0.5724922401062387
92,145,1.0
92,146,0.815364846836746
92,147,0.18373876686006013
92,148,1.0
92,149,1.0
92,150,0.815364846836746
92,151,1.0
92,152,1.0
92,153,0.9093470323264
92,154,1.0
92,155,0.9093470323264
92,156,1.0
92,157,1.0
92,158,0.8900421475582843
92,159,1.0
92,160,1.0
92,161,1.0
92,162,1.0
92,163,1.0
92,164,1.0
92,165,1.0
92,166,1.0
92,167,1.0
92,168,1.0
92,169,0.550429150592159
92,170,1.0
92,171,1.0
92,172,1.0
92,173,0.14975734262632112
92,174,1.0
92,175,0.5724922401062387
92,176,0.662551467494809
92,177,1.0
92,178,1.0
92,179,0.6820969984331005
92,180,1.0
92,181,0.9093470323264
92,182,0.815364846836746
92,183,1.0
92,184,1.0
92,185,1.0
92,186,1.0
92,187,0.9093470323264
93,94,1.0
93,95,0.9470950619839522
93,96,1.0
93,97,1.0
93,98,1.0
93,99,0.9093470323264
93,100,1.0
93,101,1.0
93,102,0.9093470323264
93,103,0.815364846836746
93,104,1.0
93,105,1.0
93,106,0.815364846836746
93,107,1.0
93,108,1.0
93,109,0.7226827032153371
93,110,1.0
93,111,1.0
93,112,1.0
93,113,1.0
93,114,0.18916734759622822
93,115,0.815364846836746
93,116,1.0
93,117,1.0
93,118,1.0
93,119,0.9093470323264
93,120,1.0
93,121,1.0
93,122,1.0
93,123,1.0
93,124,0.815364846836746
93,125,1.0
93,126,1.0
93,127,1.0
93,128,1.0
93,129,1.0
93,130,1.0
93,131,1.0
93,132,1.0
93,133,1.0
93,134,0.7352983620513946
93,135,1.0
93,136,1.0
93,137,1.0
93,138,1.0
93,139,0.7947423890622793
93,140,0.9470950619839522
93,141,1.0
93,142,1.0
93,143,0.815364846836746
93,144,0.5724922401062387
93,145,1.0
93,146,0.815364846836746
93,147,0.18373876686006013
93,148,1.0
93,149,1.0
93,150,0.815364846836746
93,151,1.0
93,152,1.0
93,153,0.9093470323264
93,154,1.0
93,155,0.9093470323264
93,156,1.0
93,157,1.0
93,158,0.8900421475582843
93,159,1.0
93,160,1.0
93,161,1.0
93,162,1.0
93,163,1.0
93,164,1.0
93,165,1.0
93,166,1.0
93,167,1.0
93,168,1.0
93,169,0.550429150592159
93,170,1.0
93,171,1.0
93,172,1.0
93,173,0.14975734262632112
93,174,1.0
93,175,0.5724922401062387
93,176,0.662551467494809
93,177,1.0
93,178,1.0
93,179,0.6820969984331005
93,180,1.0
93,181,0.9093470323264
93,182,0.815364846836746
93,183,1.0
93,184,1.0
93,185,1.0
93,186,1.0
93,187,0.9093470323264
94,95,0.9470950619839522
94,96,1.0
94,97,1.0
94,98,1.0
94,99,0.9093470323264
94,100,1.0
94,101,1.0
94,102,0.9093470323264
94,103,0.815364846836746
94,104,1.0
94,105,1.0
94,106,0.815364846836746
94,107,1.0
94,108,1.0
94,109,0.7226827032153371
94,110,1.0
94,111,1.0
94,112,1.0
94,113,1.0
94,114,0.18916734759622822
94,115,0.815364846836746
94,116,1.0
94,117,1.0
94,118,1.0
94,119,0.9093470323264
94,120,1.0
94,121,1.0
94,122,1.0
94,123,1.0
94,124,0.815364846836746
94,125,1.0
94,126,1.0
94,127,1.0
94,128,1.0
94,129,1.0
94,130,1.0
94,131,1.0
94,132,1.0
94,133,1.0
94,134,0.7352983620513946
94,135,1.0
94,136,1.0
94,137,1.0
94,138,1.0
94,139,0.7947423890622793
94,140,0.9470950619839522
94,141,1.0
94,142,1.0
94,143,0.815364846836746
94,144,0.5724922401062387
94,145,1.0
94,146,0.815364846836746
94,147,0.18373876686006013
94,148,1.0
94,149,1.0
94,150,0.815364846836746
94,151,1.0
94,152,1.0
94,153,0.9093470323264
94,154,1.0
94,155,0.9093470323264
94,156,1.0
94,157,1.0
94,158,0.8900421475582843
94,159,1.0
94,160,1.0
94,161,1.0
94,162,1.0
94,163,1.0
94,164,1.0
94,165,1.0
94,166,1.0
94,167,1.0
94,168,1.0
94,169,0.550429150592159
94,170,1.0
94,171,1.0
94,172,1.0
94,173,0.14975734262632112
94,174,1.0
94,175,0.5724922401062387
94,176,0.662551467494809
94,177,1.0
94,178,1.0
94,179,0.6820969984331005
94,180,1.0
94,181,0.9093470323264
94,182,0.815364846836746
94,183,1.0
94,184,1.0
94,185,1.0
94,186,1.0
94,187,0.9093470323264
95,96,0.9470950619839522
95,97,0.9470950619839522
95,98,0.9470950619839522
95,99,0.8876510349730674
95,100,0.9470950619839522
95,101,0.9470950619839522
95,102,0.8876510349730674
95,103,0.7892496294667761
95,104,0.9470950619839522
95,105,0.9470950619839522
95,106,0.7892496294667761
95,107,0.9470950619839522
95,108,0.9470950619839522
95,109,0.6921437607639391
95,110,0.9470950619839522
95,111,0.9470950619839522
95,112,0.9470950619839522
95,113,0.9470950619839522
